{"stats":{"minecraft:killed":{"minecraft:slime":10},"minecraft:picked_up":{"minecraft:lapis_ore":64,"minecraft:furnace_minecart":2,"minecraft:black_carpet":9,"minecraft:dark_oak_button":131,"minecraft:redstone_block":64,"minecraft:iron_door":1,"minecraft:tripwire_hook":64,"minecraft:redstone_lamp":1,"minecraft:chest_minecart":1,"minecraft:gold_block":192,"minecraft:paper":20,"minecraft:bone":2,"minecraft:tnt_minecart":1,"minecraft:detector_rail":64,"minecraft:deepslate_diamond_ore":129,"minecraft:redstone_torch":7,"minecraft:observer":128,"minecraft:hopper_minecart":1,"minecraft:minecart":1,"minecraft:diamond_ore":128,"minecraft:raw_gold_block":66,"minecraft:note_block":64,"minecraft:gold_ore":64,"minecraft:redstone":29,"minecraft:slime_ball":8,"minecraft:sculk_sensor":64,"minecraft:nether_gold_ore":64,"minecraft:arrow":2,"minecraft:lever":69,"minecraft:redstone_ore":64,"minecraft:deepslate_coal_ore":64,"minecraft:snowball":3,"minecraft:white_wool":1},"minecraft:used":{"minecraft:polished_deepslate":177,"minecraft:dropper":3,"minecraft:redstone":647,"minecraft:powered_rail":40,"minecraft:oak_sign":8,"minecraft:black_carpet":53,"minecraft:stone":385,"minecraft:quartz_stairs":5,"minecraft:gold_ore":1,"minecraft:white_wool":3,"minecraft:rail":485,"minecraft:anvil":1,"minecraft:comparator":30,"minecraft:hopper":2,"minecraft:note_block":27,"minecraft:redstone_torch":70,"minecraft:sticky_piston":1,"minecraft:lever":26,"minecraft:activator_rail":1,"minecraft:light_gray_stained_glass":107,"minecraft:quartz_slab":1,"minecraft:grass_block":39,"minecraft:tnt_minecart":1,"minecraft:detector_rail":20,"minecraft:smooth_quartz":24,"minecraft:diamond_ore":1,"minecraft:iron_door":3,"minecraft:raw_gold_block":3,"minecraft:hopper_minecart":7,"minecraft:dark_oak_button":9,"minecraft:deepslate_diamond_ore":2,"minecraft:repeater":112,"minecraft:redstone_lamp":84,"minecraft:waxed_cut_copper_slab":10,"minecraft:emerald_block":27,"minecraft:deepslate_tile_stairs":28,"minecraft:minecart":2,"minecraft:gold_block":1,"minecraft:chest_minecart":13,"minecraft:polished_blackstone_button":12,"minecraft:observer":7},"minecraft:custom":{"minecraft:inspect_dropper":22,"minecraft:interact_with_anvil":1,"minecraft:mob_kills":10,"minecraft:inspect_hopper":53,"minecraft:tune_noteblock":98,"minecraft:leave_game":4,"minecraft:time_since_death":512125,"minecraft:time_since_rest":512125,"minecraft:sprint_one_cm":164468,"minecraft:walk_one_cm":1457248,"minecraft:drop":83,"minecraft:damage_dealt":419,"minecraft:fly_one_cm":359381,"minecraft:crouch_one_cm":3469,"minecraft:play_time":512125,"minecraft:sneak_time":2755,"minecraft:jump":506,"minecraft:total_world_time":657455},"minecraft:dropped":{"minecraft:detector_rail":64,"minecraft:black_carpet":9,"minecraft:observer":64,"minecraft:dark_oak_button":64,"minecraft:diamond_ore":64,"minecraft:rail":64,"minecraft:raw_gold_block":65,"minecraft:gold_block":64,"minecraft:redstone_lamp":1,"minecraft:stone":1,"minecraft:snowball":4,"minecraft:furnace_minecart":1,"minecraft:paper":57,"minecraft:white_wool":1,"minecraft:waxed_cut_copper_slab":1}},"DataVersion":2975}